author,responder,weight
---DevilsAdvocate---,dannybtw,1
---DevilsAdvocate---,ThisFreaknGuy,2
-Covariance,DomeSlave,1
-Mountain-King-,ASK_ABOUT_STEELBEAMS,3
-Mountain-King-,AvoidNoiderman,2
-Mountain-King-,Bigfrostynugs,1
-Mountain-King-,Dsiroon37,1
-Mountain-King-,giantzoo,1
-Mountain-King-,iramo94,3
-Mountain-King-,omegashadow,1
-Mountain-King-,redditminus,1
-Mountain-King-,Tom_Stall,2
-shitgun-,Chucklebuck,1
-ThatGuyOnReddit,thedoh,1
-ThatGuyOnReddit,Veeron,1
-TheCabbageMerchant-,Dapianoman,1
-TheCabbageMerchant-,escalat0r,12
-_-Edit_Deleted-_-,Capinboredface,2
000MIIX,buster2Xk,1
00cabbage,Intjvincible,1
02Alien,PM_Tits_4_LifeMottos,1
05banks,3jt,3
05banks,crazymuffin147,3
05banks,InfinitePower,1
05banks,jama211,1
05banks,pizza_partyUSA,1
05banks,Poofryer,1
05banks,Sparkykc124,1
05banks,TrishyMay,5
0therworldly,Caudirr,1
0therworldly,cyllibi,1
0therworldly,justrun21,2
0therworldly,kingphysics,4
0therworldly,Micamazing,3
0therworldly,PsychoPhilosopher,14
0therworldly,troglodave,1
0xD153A53,11zaq,1
0xD153A53,answer-my-question,1
0xD153A53,barto5,2
0xD153A53,beaverteeth92,1
0xD153A53,bigbearh,1
0xD153A53,Centimane,2
0xD153A53,Cranberrie,1
0xD153A53,DerJawsh,1
0xD153A53,Devanismyname,1
0xD153A53,Dre-Never_Forget,2
0xD153A53,eusebius8806,1
0xD153A53,GenericUsername16,1
0xD153A53,GnashtyPony,3
0xD153A53,gustercc,1
0xD153A53,haenger,1
0xD153A53,hyene,2
0xD153A53,KittyKate_90,1
0xD153A53,kwhitegocubs,1
0xD153A53,lameskiana,3
0xD153A53,LordUncleBob,1
0xD153A53,mybustersword,1
0xD153A53,NicoUK,1
0xD153A53,NOODL3,1
0xD153A53,oldfartbart,1
0xD153A53,phuicy,5
0xD153A53,pnp_,1
0xD153A53,Sallyrockswroxy,4
0xD153A53,silverpaw1786,2
0xD153A53,SuperByNature,1
0xD153A53,Thatshotfloppybread,1
0xD153A53,tombo5,1
0xD153A53,Tortegamos,1
0xD153A53,toThe9thPower,1
0xD153A53,Whys0_o,1
0xD153A53,WonderfulUnicorn,1
0xD153A53,__Shadynasty_,1
0xRipperx0,Dandf,1
10-10withrice,charmcity39,1
100jumpingbeans,DrDreampop,1
10101010101010101013,GCSThree,1
10week,The_Doculope,1
110101002,FuzzyLoveRabbit,1
110101002,jama211,2
11zaq,0xD153A53,1
11zaq,Magnevv,1
121995420,Animoose,1
121995420,SourCreamWater,2
126iq,agentlame,1
126iq,ANAL_McDICK_RAPE,2
126iq,Evolving_Dore,2
126iq,Namika,1
126iq,No_Inside_Voice,2
126iq,revenantxz,1
126iq,Ticktack16,1
16skittles,abloopdadooda,1
16skittles,coolkid1717,1
16skittles,jaja13,2
16skittles,JasonM1982,1
16skittles,Maddog0057,1
16skittles,Sadsquatch,1
16skittles,tajjada,1
185139,Ebmoclas,1
185139,null-byte,1
1987wasayear,CargoCulture,1
1BigUniverse,Animoose,1
1brazilplayer,USOutpost31,1
1fish_2fish_fuckfish,cunninglinguist81,1
1fish_2fish_fuckfish,jimmycorn24,1
1fish_2fish_fuckfish,JosieAndThePuddyTats,7
1fish_2fish_fuckfish,PROLAPSE_SALAD,1
1fish_2fish_fuckfish,Smooth_On_Smooth,4
1fish_2fish_fuckfish,SouthernVeteran,3
1fish_2fish_fuckfish,Viperbunny,2
1iI1iI1iI1iI,froggym,2
1JoshD1,YellowDickiesCup,1
1luckyduckrs,Bananafoofoofwee,1
1millionbucks,dogg724,1
1millionbucks,PlayMp1,1
1millionbucks,SepDot,1
1millionbucks,toxicgecko,2
1stswordofbraavos,Wisdom_Incarnate,1
1v1mecunt,IdPopACapinSancho,1
2-4601,HEYdontIknowU,1
2-4601,LordHoagie,1
247dying,el_monstruo,2
247dying,redditminus,1
24h00,AnSq,1
24h00,Devanismyname,1
24h00,Kernowash,1
24h00,mrkabin,1
24h00,nameandnumbers123,1
24h00,Revsting,1
2Dfruity,121995420,1
2Dfruity,3sheetz,1
2Dfruity,AbigailLilac,1
2Dfruity,astraeis,1
2Dfruity,BlackMwoyo,1
2Dfruity,boobie_squooze,1
2Dfruity,brutalopinion,1
2Dfruity,buncatfarms,1
2Dfruity,burnnotice25,1
2Dfruity,buschells,1
2Dfruity,callmebondplz,1
2Dfruity,cantstandit,1
2Dfruity,CheezIts_YAY,1
2Dfruity,DJKaraX,1
2Dfruity,exocutioner,1
2Dfruity,foreverflightless,1
2Dfruity,fpiceail,1
2Dfruity,geoffersonspin,1
2Dfruity,gtavshit,1
2Dfruity,GuvnaG,1
2Dfruity,Hegiman,1
2Dfruity,Hgal,1
2Dfruity,JokeCity,1
2Dfruity,Jon-JONES,1
2Dfruity,JuliaGasm,1
2Dfruity,MalHeartsNutmeg,1
2Dfruity,Markymark36,1
2Dfruity,mayhemXTC,1
2Dfruity,medusaha,1
2Dfruity,Megaross,1
2Dfruity,nothingxv,1
2Dfruity,PesterThePatient,1
2Dfruity,peteisneat,1
2Dfruity,rambogizmo2010,1
2Dfruity,Raurele,2
2Dfruity,reasonablypossible,1
2Dfruity,Rebecca_Watson,1
2Dfruity,scnavi,1
2Dfruity,shewrites,1
2Dfruity,SinkIntoTheSky,1
2Dfruity,soberdude,1
2Dfruity,squash_free_thought,1
2Dfruity,Srirachalove,1
2Dfruity,tenlenny,1
2Dfruity,thegeneraldisarray,1
2Dfruity,Torgo_the_White,1
2Dfruity,Tungstencarbide1611,1
2Dfruity,Valveguy101,2
2Dfruity,violentrabbit,1
2Dfruity,wingspantt,1
2Dfruity,XxMattMedicxX,1
2Dfruity,Yelsiap,1
2drunk4chopsticks,Charlesworths,1
2drunk4chopsticks,franklymydeer,1
2drunk4chopsticks,kiwi93111,1
2inkdrops,PoopSmearMoustache,1
2joker1,PM_ME_YOUR_TUMMY_,1
2ndTemporaryAccount,dreamnightmare,1
2ndTemporaryAccount,Kylethedarkn,1
2ndTemporaryAccount,TravisE_,1
2ndTemporaryAccount,UNperson22,1
2old4thisshlt,I_heart_sandwiches,1
2pac_is_alive2,RosiesProtector,2
2Punx2Furious,Fender6969,2
2rio2,HasNoCreativity,1
2rio2,NicoUK,2
2wocents,yoberf,1
32_Wabbits,BuckYouFungie,1
37-pieces-of-flair,mais_je_t_emmeeeerde,1
3am_but_fuck_it,arranbolger,2
3jt,05banks,3
3jt,BigRedTed,1
3jt,Cryptic0677,1
3jt,crysco,1
3jt,danthemango,1
3jt,dog_in_the_vent,1
3jt,eloquentboot,1
3jt,Jicks24,1
3jt,JMS1991,1
3jt,sayleanenlarge,2
3jt,scumtriedtoknifeme,1
3jt,SouthernArrowwood,1
3jt,turtlefucker472,1
3sheetz,1stswordofbraavos,1
3sheetz,acdcnate,1
3sheetz,bonjour_le_peen,1
3sheetz,jahoney,1
3sheetz,Markymark36,2
3sheetz,nothingwittyisleft,1
3sheetz,r4ptor,1
3sheetz,tkron31,1
3vere1,kidbeer,1
43kesseys,Cat_on_a_unicycle,1
4dan,Bockon,1
4J5533T6SZ9,iamthelol1,2
4mb1guous,Dyamalos,1
4mb1guous,McLarenF1God,1
4mb1guous,Paddy_Tanninger,1
64Pete,soloesliber,1
666bitch,mikemaca,2
6ilchrist,Bowbreaker,1
6ilchrist,docfluty,2
6ilchrist,MadLibz,1
6ilchrist,MohnJaddenLunar,1
6ilchrist,Monte0704,1
6ilchrist,MurphyDawg,1
6ilchrist,redleavesrattling,2
6ilchrist,silliestsloth,1
6ilchrist,Uncjax,1
803Tiger72,IronyPenguin,1
85percentcertain,OurUAV,1
8641975320,cantstandit,2
8641975320,Orson1981,1
8__,BNNJ,1
8__,fundygud,2
911fanatic,default_alt_yay,1
911fanatic,EatMaCookies,1
911fanatic,haribohowley,1
911fanatic,invinciblesummmer,1
911fanatic,quantum94,1
911fanatic,RWDMARS,1
911fanatic,Shingyouji,1
99639,toThe9thPower,1
a1776,franklymydeer,1
A1stWorldAnarchist,themazerunner26,1
a3wagner,Vergilkilla,2
a3wagner,yomoneyisgreat,1
a3wagner,Yoopertrucker,1
Aaabea,GIS-Rockstar,1
aaarrrggh,fundygud,1
aabbccbb,autojourno,1
aabbccbb,DocJawbone,1
aabbccbb,euphrenaline,2
aabbccbb,graymankin,1
aabbccbb,mrkabin,4
aabbccbb,PM_Tits_4_LifeMottos,3
AaronCriquet,No_Creativity,1
AaronCriquet,WiseOctopus,1
aaronis1,Swanksterino,1
abandon_quip,mstrdpncks,1
Abedeus,fuqd,2
AbigailLilac,2Dfruity,1
abisiden,Seanay-B,1
abisiden,vini710,1
abkaar,CounterIntuitiv,1
abkaar,Haz3rd,3
aboda7es,superpowder,1
aboda7es,Willeth,1
abontikus,2legittoquit,1
abontikus,Afroderp,1
abontikus,badmeinberger,1
abontikus,bc112354,1
abontikus,BestAmuYiEU,1
abontikus,birdsniper,1
abontikus,Bloody_Anal_Leakage,1
abontikus,DarehMeyod,1
abontikus,deeseball,1
abontikus,DefinitelyHungover,1
abontikus,Diz-Rittle,1
abontikus,DongLord5000,1
abontikus,DQuest99,1
abontikus,drewisbeast567,2
abontikus,GenSec,1
abontikus,Hothera,1
abontikus,ImAlmostCooler,1
abontikus,ItzzBlink,1
abontikus,johnbutler896,1
abontikus,Jsmooveo3o,1
abontikus,karenias,1
abontikus,kidamy,1
abontikus,LesFirewall,1
abontikus,Lilliu,1
abontikus,mellotronworker,1
abontikus,Minksz,1
abontikus,NoDamnUsernames,1
abontikus,Nunuyz,1
abontikus,OneSeventhofMachoMan,1
abontikus,Pink_Mint,1
abontikus,Quack_Im_A_Moose,1
abontikus,RagingTroll1235,1
abontikus,rainzer,3
abontikus,RealNonimous,1
abontikus,RitzBitzN,1
abontikus,Rokursoxtv,1
abontikus,scyther1,1
abontikus,shady88,1
abontikus,StarlordPunk,1
abontikus,staytaytay,1
abontikus,Stormfrosty,1
abontikus,tacocat43,1
abontikus,tangoewhisky,1
abontikus,Teh_Hicks,1
abontikus,th3tallguy,1
abontikus,TheRealMetal,1
abontikus,The_Serious_Account,1
abontikus,This_Land_Is_My_Land,1
abontikus,Turkooo,1
abontikus,Vandechoz,1
abontikus,viper9172,1
abontikus,weekendwarrior11,1
abontikus,XboxNoLifes,1
abontikus,XiaoRCT,1
abontikus,yetti35,1
abontikus,Zumadawg18,1
Abraneb,-500-,1
Abraneb,Aszuul,1
Abraneb,Baron_von_Bone,1
Abraneb,BigBankHank,1
Abraneb,chancegold,1
Abraneb,Dynamaxion,1
Abraneb,elitelekgolo989,1
Abraneb,greyGoop8,1
Abraneb,HydraulicTurtle,1
Abraneb,IdPopACapinSancho,1
Abraneb,KaptainKlein,1
Abraneb,mrsdale,1
Abraneb,Pakislav,1
Abraneb,Spear99,1
Abraneb,StraightTalkAdvice,1
Abraneb,Tankman987,1
Abraneb,TorgOnAScooter,1
Abraneb,toThe9thPower,3
Abraneb,Uhrwerk_Konig,1
abrazenleaf,Braelind,1
abrazenleaf,Chumm_Wave,1
abrazenleaf,jaytummy,1
abrazenleaf,Kain222,1
abrazenleaf,P4li_ndr0m3,1
Absobloodylutely,KSonOfCave,1
AbsoluteRunner,Why_Hello_Reddit,1
acaelwarts09,locotx,2
AccessTheMainframe,SerendipitousWaste,1
accidentallywut,motoko_urashima,1
Aceiopengui,chased_by_bees,1
Aceiopengui,Monsieur_Skeltal,3
AcetylenePotatoGun,BvS35,1
AcetylenePotatoGun,greygringo,1
AChanderellaStory,throwawaysamsam1111,1
Achierius,grass_cutter,1
Achierius,ImAwomanAMA,2
AcornPancake,RareBeautyEtsy,1
AcousticDan,Animoose,1
act5312,-shitgun-,1
act5312,pirate_life4me,1
act5312,schmitzel88,1
act5312,the-knife,1
actual_librarian,gooseta,1
actual_librarian,WordSalad11,2
Adamant_Majority,PISS_IN_HER_ASS,1
adambunion,fundygud,1
adamdreaming,not_old_account,3
AdamentAlpaca,goliath_cobalt,1
adamrehard,toThe9thPower,1
Adamskinater,072998,1
Adamskinater,Catrett,1
Adamskinater,haggalishus,1
Adamskinater,Jonathan_DB,1
Adamskinater,Lucretia_Macevil,1
Adamskinater,Maynguene_banana,1
Adam_Alpha,froggym,1
Adam_Alpha,paulgt,3
AddictedToArizona,Bret53,1
AddictedToArizona,chanman999,1
AddictedToArizona,dukeslver,1
AddictedToArizona,Inteli_Gent,1
AddictedToArizona,MashedPotatoBiscuits,3
AddictedToArizona,topCyder,1
AddictedToArizona,_maffyUK,1
ADdV,skabb0,1
ademnus,XtremeGoose,1
AdjectiveAnimal,ClevelandBrownJunior,1
AdjectiveAnimal,Evolving_Dore,1
AdjectiveAnimal,kjata,1
AdjectiveAnimal,MikeWizowski,1
AdjectiveAnimal,ocxtitan,1
AdjectiveAnimal,Seamy18,1
AdjectiveAnimal,SteevyT,1
AdjectiveAnimal,whyisthisnamesolong,1
Adlai-Stevenson,throwawaysamsam1111,4
AdminsAreSRSschills,redditminus,1
AdmiralFeareon,HiHoBigBootyHoes,1
AdmiralFeareon,SerBearistanSelmy,1
admiralross2400,fundygud,1
Admiral_MudButt,thirdfounder,1
adnaj26,Jethro_Tully,1
adnaj26,__LordNibbler__,1
AdorableLittleFuck,markyhoffman,1
ADubs62,DeluxeTea,1
ADubs62,Executiveabsurdities,1
ADubs62,HornyLesbianLove,1
ADubs62,Mr_Anderson17,1
ADubs62,RageBonerr,1
ADubs62,Roulette88888,3
ADubs62,thebeandream,2
ADubs62,UnidentifiedFlop,1
ADubs62,YAYDESTINY2,3
Adultery,RockinTheKevbot,1
advicemallard,hm_rickross_ymoh,1
advicemallard,phuicy,5
AdzyBoy,ASK_ABOUT_STEELBEAMS,1
AdzyBoy,jwcgator,1
aeh4hjaeh,AslanFatih92,1
aeh4hjaeh,Bones_MD,1
aeh4hjaeh,IAmTheSysGen,1
aeh4hjaeh,isen7,1
aeh4hjaeh,owa00,1
aeh4hjaeh,txobi,1
aeh4hjaeh,xerdopwerko,1
aenemyrums,CaptainNirvana,1
aenemyrums,Eat_The_Muffin,1
aenemyrums,SlowRollingBoil,5
aeroeax,monstersoprano,4
aeroeax,saganist91,1
Aero_,Omega357,1
Aesop_Rocks,Bockon,1
aeternitatisdaedalus,Moikle,1
AFabledHero,chowindown,1
AFabledHero,end_O_the_world_box,3
AFabledHero,KMFinPowers,2
AFabledHero,MetalNickB,1
AFabledHero,rokinlobster,1
AforAnonymous,dog_in_the_vent,1
AforAnonymous,Falcrist,1
Afrood,tcatyler,1
afrothunder1987,johnw1988,1
Aftab_Shivdasani,NiceUsernameBro,1
Aftab_Shivdasani,PmMeUBrushingUrTeeth,1
afterthought1,Dijit,1
afterthought1,TheKangaroo,1
afterthought1,zcbtjwj,1
agentlame,Dragovic,1
AgentSmithRadio,ascZend,1
AgentSmithRadio,Ehkano,1
AgentSmithRadio,gamey117,1
AgentSmithRadio,jjmayhem,1
AgentSmithRadio,komali_2,1
AgentSmithRadio,Reverend_Twitch,1
AgentSmithRadio,SuplexTheTrain,1
AgentSmithRadio,TamagotchiGraveyard,1
AgentSplurge,saiyanhajime,2
AggressiveSpatula,franklymydeer,1
agoonforhire,Broken_Alethiometer,1
agoonforhire,Chumm_Wave,2
agoonforhire,iamadogand,1
agoonforhire,Mr_Incrediboy,3
agoonforhire,okocha90,1
agoonforhire,Old-bag-o-bones,3
agoonforhire,paulgt,5
agoonforhire,Tom_Stall,3
aGreyRock,cosmic-bread,1
agurkies,chemical_refraction,1
agurkies,khaominer,1
agusqu,crackjoy,1
agustin-barris,blahblah_ben,1
Ahhrealhayden,soloesliber,1
ahyoyo,---DevilsAdvocate---,1
aido727,mrgud69,1
aido727,OperationJericho,1
AIex_N,hansokumake,1
AIex_N,HTWFAIPMM,1
AIex_N,Iorveths,1
Ailuroapult,qi1,3
AIWDI,YouRemindMeOfYou,1
akimbocorndogs,Careless_Con,1
akimbocorndogs,Daimai,1
akimbocorndogs,dogwatchiscurtailed,1
akimbocorndogs,Dorocche,1
akimbocorndogs,elneuvabtg,1
akimbocorndogs,shirtandtieler,1
akimbocorndogs,trippy_grape,1
akimbocorndogs,zexijin,1
akimbocorndogs,_hatemymind_,1
AKindOfWildJustice,sotonohito,1
AKnightAlone,Dammit_Jessie,1
AKnightAlone,omegashadow,2
akohlsmith,AvoidNoiderman,1
akohlsmith,boardinbetty,1
akohlsmith,cookinshithatingshit,2
akohlsmith,dzernumbrd,2
akohlsmith,SouthernVeteran,1
akohlsmith,TerriblePterodactyl,2
akong_supern00b,HMJ87,1
akrebsie,Bockon,1
akrebsie,SketchBoard,1
Akuma2890,beccaonice,1
Akuma2890,FlounderBasket,2
Akuma2890,hiimsubclavian,1
Akuma2890,Ralph_Charante,1
Al-phabitz89,Sixstringkiing,1
alabamakid81,larrymoencurly,1
Alacritous,ncolaros,1
AladeenAlWadiya,wish_to_conquer_pain,1
alamos_basement,TheHound11,1
alanstanwyk,SeaOfAnarchy,1
alastor_91,Sikktwizted,1
Alayna1011,cats4life,1
Albatraozz,TheAmishChicken,1
alblaster,exquisitejades,1
AlchemyPhoenix,pizza_partyUSA,1
AlchemyPhoenix,PM_Tits_4_LifeMottos,1
alcoholic_loser,kwhitegocubs,1
aldehyde,soloesliber,1
aleafytree,Yoopertrucker,1
AlejandroMP,Boush117,1
AlejandroMP,GoodDog2620,1
alepocalypse,RegretlessCurmudgeon,2
AlexandNord,FearlessParrot,1
AlexTheChase,-Thomas_Jefferson-,1
AlexTheChase,1chubbs1,1
AlexTheChase,AfterAttack,1
AlexTheChase,Axetooth,1
AlexTheChase,Biggs62,1
AlexTheChase,Captain_Stairs,1
AlexTheChase,CiloTA,1
AlexTheChase,CruciferousThursdays,1
AlexTheChase,D8-42,1
AlexTheChase,DirtyMikeballin,1
AlexTheChase,DraculaBranson,1
AlexTheChase,ETNxMARU,1
AlexTheChase,Gdigger13,1
AlexTheChase,Glory2Hypnotoad,1
AlexTheChase,Howling_Fang,1
AlexTheChase,IAMAditto,1
AlexTheChase,ivanwarrior,1
AlexTheChase,KING_0F_REDDIT,1
AlexTheChase,lesgeddon,1
AlexTheChase,majle,1
AlexTheChase,mikechiv,1
AlexTheChase,Not_Asian69,1
AlexTheChase,Not_Hansolo,1
AlexTheChase,photoshopbot_01,3
AlexTheChase,Plasticonoband,1
AlexTheChase,QueenOfPurple,2
AlexTheChase,RagingPurpleHomo,1
AlexTheChase,randomasesino2012,1
AlexTheChase,rbace,1
AlexTheChase,Rebelpride1,1
AlexTheChase,Scenter101,1
AlexTheChase,sleep_naked,1
AlexTheChase,Solyndros,1
AlexTheChase,SteveRathgeb,1
AlexTheChase,TeamKennedy,1
AlexTheChase,Tysonzero,1
AlexTheChase,Zemogray,1
alflup,thebumm,1
AlfredAmeoba,247dying,1
AlfredAmeoba,almostaccepted,1
AlfredAmeoba,ammoprofit,1
AlfredAmeoba,arranbolger,1
AlfredAmeoba,colbystan,1
AlfredAmeoba,DEFINITELY_A_DICK,1
AlfredAmeoba,glisp42,1
AlfredAmeoba,itwontdie,1
AlfredAmeoba,kenmogg,1
AlfredAmeoba,obfuscate_this,1
AlfredAmeoba,Pathfinder24,1
AlfredAmeoba,ronin1066,1
AlfredAmeoba,rotten777,1
AlfredAmeoba,TheBlackHive,1
AlfredAmeoba,TheRussianEwok,1
AlfredAmeoba,Veedrac,1
Alibear,TheShowIsNotTheShow,1
alien_infiltrator429,Dubalubawubwub,1
alien_infiltrator429,penguinbutthole,1
AllAboutTheFairytale,fuzzy_winkerbean,1
AllAboutTheFairytale,mot1vat1on,1
AllAboutTheFairytale,Sarvier,1
AllAboutTheFairytale,WellHeyThere,1
Allahsus,juca5056,1
allegedly-fool,thegreatestprime,1
AllEncompassingThey,m2c,2
Allens_and_milk,AustNerevar,1
Allens_and_milk,CapricornAngel,1
Allens_and_milk,Helpimstuckinreddit,1
alltoocliche,Abedeus,1
alltoocliche,Atanar,1
alltoocliche,bhobhomb,1
alltoocliche,brznks,1
alltoocliche,busche916,1
alltoocliche,dirkalict,1
alltoocliche,ElGatoBandito,1
alltoocliche,fenderhnk,1
alltoocliche,flameruler94,1
alltoocliche,Fuckin_Roasted,1
alltoocliche,i4NDR3W,2
alltoocliche,ImFriendsWithThatGuy,1
alltoocliche,jax12622,1
alltoocliche,jdepps113,1
alltoocliche,JustAnEnglishman,2
alltoocliche,jvanderh,1
alltoocliche,morvis343,1
alltoocliche,Owenleejoeking,1
alltoocliche,Potato_Intercourse,1
alltoocliche,RangerNS,1
alltoocliche,Runningwithvanhalen,1
alltoocliche,SD__,1
alltoocliche,SoleilNobody,1
alltoocliche,Sunnyvale_squatter,1
alltoocliche,WhipWing,1
alltoocliche,wowveryaccount,1
allylovesparker,soloesliber,1
All_One_World,kwhitegocubs,3
AlmostDisappointed,XavierMendel,2
AloftMD,Anna_Kissed,1
AloftMD,asadddler,1
AloftMD,Blackllama79,1
AloftMD,costryme,1
AloftMD,danman11,1
AloftMD,delta_baryon,2
AloftMD,DJshmoomoo,2
AloftMD,escalat0r,3
AloftMD,Graped_in_the_mouth,1
AloftMD,hamlet9000,1
AloftMD,Huberis187,1
AloftMD,kr0kodil,1
AloftMD,kwhitegocubs,2
AloftMD,kwilly15bb,1
AloftMD,Molehole,2
AloftMD,nothingxv,1
AloftMD,okalyddude,2
AloftMD,onioning,2
AloftMD,pingpongtiddley,1
AloftMD,Ragnar_The_Dane,2
AloftMD,sd4473,1
AloftMD,Smooth_On_Smooth,4
AloftMD,sosern,1
AloftMD,superwinner,2
AloftMD,TheGreatRekt,3
AloftMD,xchaibard,1
AloftMD,XiaoRCT,3
AloftMD,zachary87921,1
Alonminatti,elaifiknow,1
Alostsock,Telcontar77,1
Alostsock,untaken-username,1
AloversGaming,Ruddie,2
Alphaetus_Prime,AlyGator69,1
Alphaetus_Prime,CatNamedJava,1
Altered_Amiba,besjbo,8
Altered_Amiba,buzziebee,2
Altered_Amiba,Jewtheist,5
Altered_Amiba,tending_runner,1
Altered_Amiba,verty101,2
altshiftM,HyperionTheKing,1
Alundra828,aslokaa,1
alvisfmk,Blackllama79,1
alvisfmk,Robiticjockey,3
alvisfmk,whispen,1
alwaysmispells1word,barto5,1
alwaysmispells1word,BEE_REAL_,1
alwaysmispells1word,NicoUK,2
alwaysmispells1word,WeakNuclearForce,1
alwaysmispells1word,xXxYoloSwag4JesusxXx,1
AlwaysThoughtful,crossanlogan,1
AlwaysThoughtful,mindbleach,1
AlwaysThoughtful,Sheslion,1
AlwaysThoughtful,The_Doculope,1
AlyGator69,greeneagle692,1
AlyGator69,sbd104,2
AlyGator69,TheRealMetal,1
alyssajones,Bricka_Bracka,1
alyssajones,c0bra51,1
alyssajones,Cjones2666,1
alyssajones,DenimDave,1
alyssajones,DrMaxwellSheppard,1
alyssajones,GloriousWanker,1
alyssajones,Ikinoki,1
alyssajones,InvalidKoalas,1
alyssajones,Moritsuma,1
alyssajones,MrsObamasThighs,1
alyssajones,SnartFiffa,1
alyssajones,SomeHickFromMissouri,1
alyssajones,TuskenRaiders,1
amankinperc,EthniK_ElectriK,1
Amasawa,phuicy,1
AMasonJar,NovaStoneReddit,2
AmbiguouslyPrecise,SketchBoard,1
Ambitious_puppy,ChaosMaestro,1
amethyst_specter,HeyItsLP,1
amethyst_specter,kafja,1
amilliphillips,DrugCrazed,1
amilliphillips,froggym,1
amilliphillips,ruffus4life,2
amilliphillips,stuckeezy,1
amilliphillips,topoftheworldwaffles,1
amishelectric,0xD153A53,1
amishelectric,aabbccbb,1
amishelectric,BenderRodriguiz,1
amishelectric,beppingzingas,1
amishelectric,Dandf,1
amishelectric,darthmule,1
amishelectric,fakkau,1
amishelectric,LTVOLT,1
amishelectric,Mehiximos,1
amishelectric,sagetrees,1
amishelectric,_Lady_Deadpool_,1
Ammoholic,Ammoholic,1
ammoprofit,frisbeedog420,1
ammoprofit,HepBean,1
ammoprofit,kerouacrimbaud,1
ammoprofit,LigerSanta,1
amonmobile,Fiverings,2
amonmobile,GGProfessor,1
amonmobile,NariannOP,1
amonmobile,NoviceElectromancer,1
amonmobile,rotll,1
AmorphousGamer,AndrewJacksonJiha,1
AmorphousGamer,nwg442,1
AmorphousGamer,Ronny070,1
AmorphousGamer,tdogredman,1
Amphabian,AfterAttack,1
Amphabian,AnarchyBurger101,1
Amphabian,Anzai,1
Amphabian,ArchAngelZero,1
Amphabian,AtomicSteve21,1
Amphabian,Bam_Ba_Lam,1
Amphabian,combatwombat8D,1
Amphabian,fancycheesus,1
Amphabian,feather_ink,1
Amphabian,Fender6969,1
Amphabian,FlutisticallyYours,1
Amphabian,friendless789,1
Amphabian,GCSThree,1
Amphabian,heylady22,1
Amphabian,jasonml,1
Amphabian,JEesSs,1
Amphabian,jman4220,1
Amphabian,Joethezombi,1
Amphabian,Lasseus,1
Amphabian,Liurias,1
Amphabian,NateY3K,1
Amphabian,Nazurai,1
Amphabian,Nickompoop,1
Amphabian,Notenough1997,1
Amphabian,now_its_a_dick_joke,1
Amphabian,PMME_YOUR_TITS_WOMAN,2
Amphabian,pok745,1
Amphabian,poofacedlemur,1
Amphabian,Prison_Vape,1
Amphabian,QuakerFloats,1
Amphabian,Rocky87109,1
Amphabian,rxfriend,1
Amphabian,Schwenn,1
Amphabian,sheldor_tq,1
Amphabian,shenry1313,1
Amphabian,Triggering_shitlord,1
Amphabian,vagina_fang,1
Amphabian,virnovus,1
Amphabian,Walt_Titman,1
Amphabian,XDfaceme,1
AmputeeBall,Portalman4,1
Amputee_Fetish,narp7,1
amurrca1776,Deggyy,1
AM_Kylearan,momoogun,3
Anagoth9,Madmusk,1
Anagoth9,YouRemindMeOfYou,2
ANAL-BEAD-CHAINSAW,IdPopACapinSancho,1
ANAL-BEAD-CHAINSAW,mstrdpncks,1
ANAL-BEAD-CHAINSAW,ncolaros,1
AnalInferno,JohnMiltonJamesJoyce,2
AnalInferno,rrearleii,1
AnalInferno,undefiniert,1
ANAL_McDICK_RAPE,126iq,1
AnAmazingPotato,jhyby,1
AnarchyBurger101,Centimane,1
AnarchyBurger101,randomasesino2012,1
AnarchyBurger101,riksauce,1
AnarchyBurger101,ShortGiant,1
AnarchyBurger101,SnorlaxMaster,1
AnarchyBurger101,Thaddiousz,1
Anchovie_Paste,Djkarasu,1
Anchovie_Paste,WilliamMButtliquer,1
ancientiger,phuicy,1
Andefir,VanMisanthrope,1
AndieCane,jax3rir,1
andrescuerpo,Keranu,2
andresderis,AustNerevar,1
andresderis,MMonReddit,1
andrewd18,Baschi,1
andrewjn,AloftMD,1
andrewjn,kwhitegocubs,2
andrewse,FlyntFlossy912,1
andrewse,has_a_bigger_dick,1
andrewse,subtle_nirvana92,1
andrewse,wanderingoaklyn,1
Andy1_1,socialis,1
Anecdotal_Moron,GOTaSMALL1,2
Anecdotal_Moron,lopsiness,1
Anecdotal_Moron,rorevozi,3
aneksas,pixie106,1
aneksas,SonumSaga,1
Anephrazon,epicpotatofantasy,1
angrae,whatkaylasays,1
angryrock,Bockon,1
Animoose,121995420,1
Animoose,1BigUniverse,2
Animoose,AcousticDan,1
Animoose,adiverges,1
Animoose,Akiba89,1
Animoose,amnsisc,1
Animoose,ApexAmbush,2
Animoose,apocalippo,1
Animoose,ashleab,1
Animoose,ashy_elbows,1
Animoose,BattutaIbn,1
Animoose,Bear_Taco,1
Animoose,Benito_Brossolini,1
Animoose,be_o3,1
Animoose,biscaya,1
Animoose,Brute1100,1
Animoose,CaptainKorsos,1
Animoose,charlottethespider,1
Animoose,cindreiaishere,1
Animoose,ComteDeSaintGermain,5
Animoose,criveros,1
Animoose,CrrackTheSkye,1
Animoose,currentlyeating,1
Animoose,darkscottishloch,2
Animoose,Djinneral,1
Animoose,DPSOnly,2
Animoose,Elranzer,1
Animoose,firerosearien,1
Animoose,FishBroom,1
Animoose,FriscoBowie,1
Animoose,Frontlinekitty,1
Animoose,FurDeg,1
Animoose,glowpear31,2
Animoose,haurgh,1
Animoose,HorseIsDead,1
Animoose,igloo27,1
Animoose,JesusGaveMe4Blowjobs,5
Animoose,JuicyApples,1
Animoose,kamgar,1
Animoose,Lactating_Sloth,2
Animoose,laosurvey,1
Animoose,livin4donuts,1
Animoose,lumberloins,1
Animoose,MachoMundo,2
Animoose,mdax8414,1
Animoose,mihirnc,1
Animoose,miyamotousagisan,1
Animoose,MrsBlooper,1
Animoose,nat96,1
Animoose,nemesis5581,1
Animoose,Nerdican,1
Animoose,NetherCreeper1,4
Animoose,NotSoSiniSter,1
Animoose,OppressedMinor,1
Animoose,panic_infinite_124,1
Animoose,Pariden,2
Animoose,PicklesOfDethklok,1
Animoose,Potjack,1
Animoose,PrimeIntellect,2
Animoose,PussyBender,4
Animoose,Quartz_2011,1
Animoose,RallyUp,1
Animoose,Ramesses_Deux,1
Animoose,rentar42,1
Animoose,RocketCow,2
Animoose,ryryrpm,1
Animoose,shrekman123,1
Animoose,Siethron,1
Animoose,SliceofThat,1
Animoose,SociallyAccepted,1
Animoose,Spidey16,1
Animoose,TA-WREX,1
Animoose,theBCexperience,1
Animoose,thegreatestprime,1
Animoose,too_too2,1
Animoose,townesvanzandtsghost,3
Animoose,TremorAcePV,1
Animoose,TrepanationBy45,1
Animoose,TXTCLA55,1
Animoose,Uzrukai,1
Animoose,watrasei,1
Animoose,winstonsmithluvsbb,2
Animoose,WiseOctopus,2
Animoose,youfuckstookallnames,1
Animoose,yumyumguineapiggy,1
Animoose,_curry,1
anincompoop25,Capinboredface,2
Anna_Kissed,el_monstruo,1
Anna_Kissed,RegretlessCurmudgeon,1
Anna_Kissed,sifl1202,1
AnnonMiss,honeybadga,1
AnnonMiss,kboy101222,3
AnnonMiss,TheAmishChicken,4
AnnoyingIguana,mispinchespiernas,1
Ano59,Dannox,1
Ano59,thebigorangecat,1
anon2729,NzNinja23,1
anon72c,seewolfmdk,1
Anonymous_Ascendent,dontforgetyourknife,1
Anonymous_Ascendent,KrustyMcGee,1
Anonymous_Is_Back,Mmbopbopbopbop,1
Anonymous_Is_Back,RealNotFake,1
Anonymous_Is_Back,SlowRollingBoil,2
anotherbeersalesman,sarabjorks,1
AnotherGoAtIt,6ilchrist,1
AnotherGoAtIt,chronocaptive,3
AnotherGoAtIt,colbystan,3
AnotherGoAtIt,Mugen593,1
anothermexican1,el_monstruo,1
Anouther,Hybrazil,1
AnSq,gothamneedsmealways,1
AnSq,Hanz0rz,1
AnSq,LandmineFrisbee,3
AnSq,mrlalman,1
AnSq,MyPasswordIs_Boogerz,1
AnSq,StarfireGirl,1
answer-my-question,0xD153A53,1
answer-my-question,bornleverpuller,1
answer-my-question,Cheezecowboy,1
answer-my-question,compoundfracture,1
answer-my-question,jacob8015,1
answer-my-question,kai-wun,1
answer-my-question,petey92,1
answer-my-question,pseudonympersona,1
answer-my-question,Soporia,1
answer-my-question,thirsty-bee,1
anthonygeo,dead4seven,1
antieverything,Boofsauce,1
AntiVortex,Khage,1
anttirt,bantha-food,1
anttirt,fruitariyun,1
anttirt,fuzzycuff,1
anttirt,Mrpoodlekins,1
ANUSTART942,larrymoencurly,1
anwpqm,SuperByNature,2
Anxious-Andy,aToiletSeat,1
Anxious-Andy,ElricTheEmperor,1
Anxious-Andy,jama211,1
AnxiousReginald,dmartination,1
AnxiousSprout,Lather,1
any_excuse,DEFINITELY_A_DICK,1
any_excuse,ReverseTheKirs,1
anzac87,GMDev,1
anzac87,guitarhamster,1
anzac87,IncoherentOrange,1
anzac87,Sammyboy616,1
anzac87,VoteLobster,1
Anzai,Chumm_Wave,1
Anzai,halifaxdatageek,1
Anzai,Westonski,1
An_Image_Of_Mohammed,Baastrami,1
aogbigbog,Recka,1
ApexAmbush,Animoose,1
Aphelion1756,a_random_hobo,1
Aphelion1756,doctorclese,1
Aphelion1756,GuvnaG,1
Aphelion1756,HayOriPei,1
Aphelion1756,Jackbenn45,1
Aphelion1756,Jhago,1
Aphelion1756,mosehalpert,1
Aphelion1756,nmezib,1
Aphelion1756,Player8,1
Aphelion1756,Roxanne1000,1
Aphelion1756,thatbelinda,1
Aphelion1756,TheRealBigLou,1
Aphelion1756,TheXXV,1
Aphelion1756,valek879,1
aphexmoon,blaziken24,1
aphexmoon,sickduck22,2
APimpNamedAPimpNamed,ARGUMENTUM_EX_CULO,1
APimpNamedAPimpNamed,candidly1,1
APimpNamedAPimpNamed,franklymydeer,1
APimpNamedAPimpNamed,WilliamJeremiah,2
apinc,Ailive,1
apinc,dhicock,2
apinc,froggym,2
apinc,monstersoprano,2
apinc,qH3thzZ7,1
apinc,shhhhquiet,3
